Code_BuildingVariant;Remark_BuildingVariant_1;Remark_BuildingVariant_2;Date_Entry;Date_Change;Code_StatusDataset;Code_Country;Code_Building;Number_BuildingVariant;Description_BuildingVariant;Description_BuildingVariant_National;Code_BuildingType;Code_BuildingSizeClass;Code_ConstructionYearClass;Year1_Building;Year2_Building;A_C_Ref;delta_U_ThermalBridging;n_air_infiltration;A_Roof_1;A_Roof_2;A_Wall_1;A_Wall_2;A_Wall_3;A_Floor_1;A_Floor_2;A_Window_1;A_Window_2;A_Door_1;U_Roof_1;U_Roof_2;U_Wall_1;U_Wall_2;U_Wall_3;U_Floor_1;U_Floor_2;U_Window_1;U_Window_2;U_Door_1;d_Insulation_Roof_1;d_Insulation_Roof_2;d_Insulation_Wall_1;d_Insulation_Wall_2;d_Insulation_Wall_3;d_Insulation_Floor_1;d_Insulation_Floor_2;A_Window_Horizontal;A_Window_East;A_Window_South;A_Window_West;A_Window_North;R_Add_UnheatedSpace_Roof_1;R_Add_UnheatedSpace_Roof_2;R_Add_UnheatedSpace_Wall_1;R_Add_UnheatedSpace_Wall_2;R_Add_UnheatedSpace_Wall_3;R_Add_UnheatedSpace_Floor_1;R_Add_UnheatedSpace_Floor_2;b_Transmission_Roof_1;b_Transmission_Roof_2;b_Transmission_Wall_1;b_Transmission_Wall_2;b_Transmission_Wall_3;b_Transmission_Floor_1;b_Transmission_Floor_2;Code_Measure_Roof_1;Code_Measure_Roof_2;Code_Measure_Wall_1;Code_Measure_Wall_2;Code_Measure_Wall_3;Code_Measure_Floor_1;Code_Measure_Floor_2;Code_Measure_Window_1;Code_Measure_Window_2;Code_Measure_Door_1;R_Measure_Roof_1;R_Measure_Roof_2;R_Measure_Wall_1;R_Measure_Wall_2;R_Measure_Wall_3;R_Measure_Floor_1;R_Measure_Floor_2;R_Measure_Window_1;R_Measure_Window_2;R_Measure_Door_1;Code_MeasureType_Roof_1;Code_MeasureType_Roof_2;Code_MeasureType_Wall_1;Code_MeasureType_Wall_2;Code_MeasureType_Wall_3;Code_MeasureType_Floor_1;Code_MeasureType_Floor_2;Code_MeasureType_Window_1;Code_MeasureType_Window_2;Code_MeasureType_Door_1;Code_ClimateRegion;Name_ClimateRegion;HeatingDays;Theta_e;I_Sol_Hor;I_Sol_East;I_Sol_South;I_Sol_West;I_Sol_North;Code_BoundaryCond;theta_i;F_red_htr1;F_red_htr4;n_air_use;h_room;phi_int;g_gl_n;F_sh_hor;F_sh_vert;F_f;F_w;c_m;R_Before_Roof_1;R_Before_Roof_2;R_Before_Wall_1;R_Before_Wall_2;R_Before_Wall_3;R_Before_Floor_1;R_Before_Floor_2;R_Before_Window_1;R_Before_Window_2;R_Before_Door_1;U_Actual_Roof_1;U_Actual_Roof_2;U_Actual_Wall_1;U_Actual_Wall_2;U_Actual_Wall_3;U_Actual_Floor_1;U_Actual_Floor_2;U_Actual_Window_1;U_Actual_Window_2;U_Actual_Door_1;H_Transmission_Roof_1;H_Transmission_Roof_2;H_Transmission_Wall_1;H_Transmission_Wall_2;H_Transmission_Wall_3;H_Transmission_Floor_1;H_Transmission_Floor_2;H_Transmission_Window_1;H_Transmission_Window_2;H_Transmission_Door_1;H_Transmission_ThermalBridging;h_Transmission;h_Ventilation;Sum_DeltaT_for_HeatingDays;F_red_temp;q_ht_tr;q_ht_ve;q_ht;Q_Sol_Hor;Q_Sol_East;Q_Sol_South;Q_Sol_West;Q_Sol_North;q_sol;q_int;tau;a_H;gamma_h_gn;eta_h_gn;q_h_nd
identification of the building variant dataset;internal remark;internal remark;date of entry into database;date of last change;code of the dataset status;code of the country;identification of the building;variant number, starting from 1 (maximum value: 999);description;national description;code of the building type;code of the building size class;code of the construction year class;construction year of the building (or first year of the construction period);construction year of the building (or last year of the construction period);energy reference area (conditioned floor area, internal dimensions);additional losses of the thermal envelope caused by thermal bridging (supplement to all U-values);additional air exchange rate, caused by infiltration (surcharge on air exchange rate);surface area (external dimensions);surface area (external dimensions);surface area (external dimensions);surface area (external dimensions);surface area (external dimensions);surface area (external dimensions);surface area (external dimensions);surface area;surface area;surface area;U-value;U-value;U-value;U-value;U-value;U-value;U-value;U-value;U-value;U-value;thickness of existing insulation;thickness of existing insulation;thickness of existing insulation;thickness of existing insulation;thickness of existing insulation;thickness of existing insulation;thickness of existing insulation;area of horizontal windows;window area oriented east;window area oriented south;window area oriented west;window area oriented north;"additional thermal resistance due to unheated space bodering at the construction elementstandard values in m_K/W:0       external air0,3   unheated space0,3   unheated cellar0      soil";"additional thermal resistance due to unheated space bodering at the construction elementstandard values in m_K/W:0       external air0,3   unheated space0,3   unheated cellar0      soil";"additional thermal resistance due to unheated space bodering at the construction elementstandard values in m_K/W:0       external air0,3   unheated space0,3   unheated cellar0      soil";"additional thermal resistance due to unheated space bodering at the construction elementstandard values in m_K/W:0       external air0,3   unheated space0,3   unheated cellar0      soil";"additional thermal resistance due to unheated space bodering at the construction elementstandard values in m_K/W:0       external air0,3   unheated space0,3   unheated cellar0      soil";"additional thermal resistance due to unheated space bodering at the construction elementstandard values in m_K/W:0       external air0,3   unheated space0,3   unheated cellar0      soil";"additional thermal resistance due to unheated space bodering at the construction elementstandard values in m_K/W:0       external air0,3   unheated space0,3   unheated cellar0      soil";"adjustment factor soilstandard values:1       external air1       unheated space0,5    unheated cellar0,5    soil";"adjustment factor soilstandard values:1       external air1       unheated space0,5    unheated cellar0,5    soil";"adjustment factor soilstandard values:1       external air1       unheated space0,5    unheated cellar0,5    soil";"adjustment factor soilstandard values:1       external air1       unheated space0,5    unheated cellar0,5    soil";"adjustment factor soilstandard values:1       external air1       unheated space0,5    unheated cellar0,5    soil";"adjustment factor soilstandard values:1       external air1       unheated space0,5    unheated cellar0,5    soil";"adjustment factor soilstandard values:1       external air1       unheated space0,5    unheated cellar0,5    soil";identification of the measure dataset;identification of the measure dataset;identification of the measure dataset;identification of the measure dataset;identification of the measure dataset;identification of the measure dataset;identification of the measure dataset;identification of the measure dataset;identification of the measure dataset;identification of the measure dataset;thermal resistance of refurbishment measure;thermal resistance of refurbishment measure;thermal resistance of refurbishment measure;thermal resistance of refurbishment measure;thermal resistance of refurbishment measure;thermal resistance of refurbishment measure;thermal resistance of refurbishment measure;thermal resistance of refurbishment measure;thermal resistance of refurbishment measure;thermal resistance of refurbishment measure;"code of the measure typeavailable selections:AddReplaceReplaceInsulation";"code of the measure typeavailable selections:AddReplaceReplaceInsulation";"code of the measure typeavailable selections:AddReplaceReplaceInsulation";"code of the measure typeavailable selections:AddReplaceReplaceInsulation";"code of the measure typeavailable selections:AddReplaceReplaceInsulation";"code of the measure typeavailable selections:AddReplaceReplaceInsulation";"code of the measure typeavailable selections:AddReplaceReplaceInsulation";"code of the measure typeavailable selections:AddReplaceReplaceInsulation";"code of the measure typeavailable selections:AddReplaceReplaceInsulation";"code of the measure typeavailable selections:AddReplaceReplaceInsulation";code of the climatic region;name of the climatic region;number of days per year during heating season (average dayly temperature is below or equal the base temperature);average external air temperature during the heating season;average global irradiation on horizontal surface during the heating season;average global irradiation on vertical surface oriented East during the heating season;average global irradiation on vertical surface oriented South during the heating season;average global irradiation on vertical surface oriented West during the heating season;average global irradiation on vertical surface oriented North during the heating season;actually used boundary conditions for energy balance calculation;internal temperature;reduction factor, considering the effect of night setback and unheated space, value at h_tr = 1 W/(m_K),;reduction factor, considering the effect of night setback and unheated space, value at h_tr = 4 W/(m_K),;average air change rate, due to use of the building;room height (based on internal dimensions);average internal heat sources per m_ reference area;total solar energy transmittance for radiation perpendicular to the glazing;reduction factor external shading, horizontal orientation;reduction factor external shading, vertical orientations;frame area fraction of window;reduction factor, considering radiation non-perpendicular to the glazing;internal heat capacity per m_ reference area;thermal resistance of element without insulation, in case that existing insulation is removed during refurbishment;thermal resistance of element without insulation, in case that existing insulation is removed during refurbishment;thermal resistance of element without insulation, in case that existing insulation is removed during refurbishment;thermal resistance of element without insulation, in case that existing insulation is removed during refurbishment;thermal resistance of element without insulation, in case that existing insulation is removed during refurbishment;thermal resistance of element without insulation, in case that existing insulation is removed during refurbishment;thermal resistance of element without insulation, in case that existing insulation is removed during refurbishment;thermal resistance of element without insulation, in case that existing insulation is removed during refurbishment;thermal resistance of element without insulation, in case that existing insulation is removed during refurbishment;thermal resistance of element without insulation, in case that existing insulation is removed during refurbishment;U-value after refurbishment;U-value after refurbishment;U-value after refurbishment;U-value after refurbishment;U-value after refurbishment;U-value after refurbishment;U-value after refurbishment;U-value after refurbishment;U-value after refurbishment;U-value after refurbishment;heat transfer coefficient by transmission;heat transfer coefficient by transmission;heat transfer coefficient by transmission;heat transfer coefficient by transmission;heat transfer coefficient by transmission;heat transfer coefficient by transmission;heat transfer coefficient by transmission;heat transfer coefficient by transmission;heat transfer coefficient by transmission;heat transfer coefficient by transmission;heat transfer coefficient by transmission;floor area related heat transfer coefficient by transmission;floor area related heat transfer coefficient by ventilation;accumulated difference between internal and external temperature;temperature reduction factor, considering the effect of night setback and unheated space;floor area related annual transmission losses;floor area related annual ventilation losses;floor area related annual losses;solar heat load during heating season;solar heat load during heating season;solar heat load during heating season;solar heat load during heating season;solar heat load during heating season;floar area related solar heat load during heating season;floar area related internal heat sources during heating season;time constant of the building;parameter for determination of the gain utilisation factor for heating;heat balance ratio for the heating mode;gain utilisation factor for heating;energy need for heating
;;;;;;;;used for different refurbishment variants: 1 = existing state / 2 = standard refurbishment / 3 = ambitious refurbishment;;;;;;;;mandatory / for transformation from other area types see DATAMINE evaluation;"standard values in W/(m_K):0        minimal0,05   low0,1     medium0,15   high(valid for thermal envelope based on external dimensions)";"standard values in 1/h:0,05   minimal0,1     low0,2     medium0,4     high";element type roof 1;element type roof 2;element type wall 1;element type wall 2;element type wall 3;element type floor 1;element type floor 2;element type window 1;element type window 2;element type door 1;element type roof 1;element type roof 2;element type wall 1;element type wall 2;element type wall 3;element type floor 1;element type floor 2;element type window 1;element type window 2;element type door 1;relevant in case of replacement by new measure;relevant in case of replacement by new measure;relevant in case of replacement by new measure;relevant in case of replacement by new measure;relevant in case of replacement by new measure;relevant in case of replacement by new measure;relevant in case of replacement by new measure;tilted below 30°, otherwise classified as vertical (see below);deviation from orientation: +/- 45°;deviation from orientation: +/- 45°;deviation from orientation: +/- 45°;deviation from orientation: +/- 45°;element type roof 1;element type roof 2;element type wall 1;element type wall 2;element type wall 3;element type floor 1;element type floor 2;element type roof 1;element type roof 2;element type wall 1;element type wall 2;element type wall 3;element type floor 1;element type floor 2;element type roof 1;element type roof 2;element type wall 1;element type wall 2;element type wall 3;element type floor 1;element type floor 2;element type window 1;element type window 2;element type door 1;element type roof 1;element type roof 2;element type wall 1;element type wall 2;element type wall 3;element type floor 1;element type floor 2;element type window 1;element type window 2;element type door 1;element type roof 1;element type roof 2;element type wall 1;element type wall 2;element type wall 3;element type floor 1;element type floor 2;element type window 1;element type window 2;element type door 1;;;;;;;;;;;;"h_tr = heat transfer coefficient by transmission, devided by A_C,ref; values between h_tr = 1 und h_tr = 4 are interpolated";"h_tr = heat transfer coefficient by transmission, devided by A_C,ref; values between h_tr = 1 und h_tr = 4 are interpolated";hygienical nessary air exchange rate by opening of windows, by ventilation systems, by parts of infiltration which are usable for necessary air exchange;the room height is used for the simplified calculation of the air volume;;average for both window types, considering refurbished state;;;;;;element type roof 1;element type roof 2;element type wall 1;element type wall 2;element type wall 3;element type floor 1;element type floor 2;element type window 1;element type window 2;element type door 1;element type roof 1;element type roof 2;element type wall 1;element type wall 2;element type wall 3;element type floor 1;element type floor 2;element type window 1;element type window 2;element type door 1;element type roof 1;element type roof 2;element type wall 1;element type wall 2;element type wall 3;element type floor 1;element type floor 2;element type window 1;element type window 2;element type door 1;supplemental heat loss due to thermal bridging;indicator for energy quality of building envelope (compactness + insulation);;;values of F_red_temp are given for h_tr = 1 und h_tr = 4, interpolation of values between;;;;Horizontal;East;South;West;North;;;relevant for seasonal method;;;;
;;;;;;;;;;;;;;;;m_;W/(m_K);1/h;m_;m_;m_;m_;m_;m_;m_;m_;m_;m_;W/(m_K);W/(m_K);W/(m_K);W/(m_K);W/(m_K);W/(m_K);W/(m_K);W/(m_K);W/(m_K);W/(m_K);m;m;m;m;m;m;m;m_;m_;m_;m_;m_;m_K/W;m_K/W;m_K/W;m_K/W;m_K/W;m_K/W;m_K/W;;;;;;;;;;;;;;;;;;m_K/W;m_K/W;m_K/W;m_K/W;m_K/W;m_K/W;m_K/W;m_K/W;m_K/W;m_K/W;;;;;;;;;;;;;d;°C;kWh/a;kWh/a;kWh/a;kWh/a;kWh/a;;°C;;;1/h;m;W/m_;;;;;;Wh/(m_K);m_K/W;m_K/W;m_K/W;m_K/W;m_K/W;m_K/W;m_K/W;m_K/W;m_K/W;m_K/W;W/(m_K);W/(m_K);W/(m_K);W/(m_K);W/(m_K);W/(m_K);W/(m_K);W/(m_K);W/(m_K);W/(m_K);W/K;W/K;W/K;W/K;W/K;W/K;W/K;W/K;W/K;W/K;W/K;W/(m_K);W/(m_K);kKh/a;;kWh/(m_a);kWh/(m_a);kWh/(m_a);kWh/a;kWh/a;kWh/a;kWh/a;kWh/a;kWh/(m_a);kWh/(m_a);h;;;;kWh/(m_a)
;;;;;Tab.Const.StatusDataset;Tab.Const.Country;Tab.Building;;;;Tab.Type.Building;;Tab.ConstrYearClass;;;;;;;;;;;;;;;;;;;;;;;;;;;;;;;;;;;;;;;;;;;;;;;;;;;;Tab.Building.Measure;Tab.Building.Measure;Tab.Building.Measure;Tab.Building.Measure;Tab.Building.Measure;Tab.Building.Measure;Tab.Building.Measure;Tab.Building.Measure;Tab.Building.Measure;Tab.Building.Measure;;;;;;;;;;;Tab.Const.MeasureType;Tab.Const.MeasureType;Tab.Const.MeasureType;Tab.Const.MeasureType;Tab.Const.MeasureType;Tab.Const.MeasureType;Tab.Const.MeasureType;Tab.Const.MeasureType;Tab.Const.MeasureType;Tab.Const.MeasureType;Tab.Climate;;;;;;;;;;;;;;;;;;;;;;;;;;;;;;;;;;;;;;;;;;;;;;;;;;;;;;;;;;;;;;;;;;;;;;;
;Text;Text;Date;Date;VarChar;VarChar;VarChar;Integer;Text;Text;VarChar;VarChar;VarChar;Integer;Integer;Real;Real;Real;Real;Real;Real;Real;Real;Real;Real;Real;Real;Real;Real;Real;Real;Real;Real;Real;Real;Real;Real;Real;Real;Real;Real;Real;Real;Real;Real;Real;Real;Real;Real;Real;Real;Real;Real;Real;Real;Real;Real;Real;Real;Real;Real;Real;Real;Real;VarChar;VarChar;VarChar;VarChar;VarChar;VarChar;VarChar;VarChar;VarChar;VarChar;Real;Real;Real;Real;Real;Real;Real;Real;Real;Real;VarChar;VarChar;VarChar;VarChar;VarChar;VarChar;VarChar;VarChar;VarChar;VarChar;VarChar;VarChar;Real;Real;Real;Real;Real;Real;Real;VarChar;Real;Real;Real;Real;Real;Real;Real;Real;Real;Real;Real;Real;Real;Real;Real;Real;Real;Real;Real;Real;Real;Real;Real;Real;Real;Real;Real;Real;Real;Real;Real;Real;Real;Real;Real;Real;Real;Real;Real;Real;Real;Real;Real;Real;Real;Real;Real;Real;Real;Real;Real;Real;Real;Real;Real;Real;Real;Real;Real;Real;Real;Real
;;;;;;;;;;;;;;;;;;;;;;;;;;;;;;;;;;;;;;;;;;;;;;;;;;;;;;;;;;;;;;;;;;;;;;;;;;;;;;;;;;;;;;;;;;;;;;;;;;;;;;;;;;;;;;;;;;;;;;;;;;;;;;;;;;;;;;;;;;;;;;;;;;;;;;;;;;;;;;;;;;;;;;
DE.N.AB.02.Gen.ReEx.001.001;;;2014-09-08;;Typology;DE;DE.N.AB.02.Gen.ReEx.001;1;;;DE.N.AB.02.Gen;AB;DE.02;0;1918;829,4;0,1;0,2;231,8;0;305,4;0;0;163,7;0;136,2;0;2;1,3;1;1,7;1,7;1,7;1,2;1,2;3,5;3,5;3;0;0;0;0;0;0;0;0;65,8;2,3;65,8;2,3;0;0;0;0;0;0,3;0;1;0;1;0;0;0,5;0;;;;;;;;;;;0;0;0;0;0;0;0;0;0;0;;;;;;;;;;;DE.N;Germany;222;4,4;403;271;392;271;160;EU.MUH;20;0,95;0,85;0,4;2,5;3;0,75;0,8;0,6;0,3;0,9;45;0,77;1;0,59;0,59;0,59;1,13;0,83;0,29;0,29;0,33;1,3;1;1,7;1,7;1,7;0,88;1,2;3,5;3,5;3;301,34;0;519,18;0;0;72,22;0;476,7;0;6;83,91;1,76;0,51;3463;0,92;135;39;174;0;5055;256;5055;104;13;16;20;1,46;0,164;0,94;147,54
DE.N.AB.03.Gen.ReEx.001.001;;;2014-09-08;;Typology;DE;DE.N.AB.03.Gen.ReEx.001;1;;;DE.N.AB.03.Gen;AB;DE.03;1919;1948;1484,021;0,1;0,2;0;384,2;1244;0;0;395,6;0;278,52;0;2;1,4;0,8;1,4;1,4;1,4;1;1;3,5;3,5;3;0;0;0;0;0;0;0;0;126,9;24,72;126,9;0;0;0,3;0;0;0;0,3;0;1;1;1;0;0;0,5;0;;;;;;;;;;;0;0;0;0;0;0;0;0;0;0;;;;;;;;;;;DE.N;Germany;222;4,4;403;271;392;271;160;EU.MUH;20;0,95;0,85;0,4;2,5;3;0,75;0,8;0,6;0,3;0,9;45;0,71;1,55;0,71;0,71;0,71;1,3;1;0,29;0,29;0,33;1,4;0,65;1,4;1,4;1,4;0,77;1;3,5;3,5;3;0;247,87;1741,6;0;0;152,15;0;974,82;0;6;230,43;2,26;0,51;3463;0,91;171;38;209;0;9750;2747;9750;0;15;16;16;1,34;0,148;0,93;180,09
DE.N.AB.04.Gen.ReEx.001.001;;;2014-09-08;;Typology;DE;DE.N.AB.04.Gen.ReEx.001;1;;;DE.N.AB.04.Gen;AB;DE.04;1949;1957;1602,7;0,1;0,2;0;353,5;1376;0;0;353,5;0;294,9;0;2;0,8;1,6;1,2;1,2;1,2;2,1;2,1;3,5;3,5;3;0,05;0,01;0;0;0;0;0;0;128,3;38,3;128,3;0;0;0,3;0;0;0;0,3;0;1;1;1;0;0;0,5;0;;;;;;;;;;;0;0;0;0;0;0;0;0;0;0;;;;;;;;;;;DE.N;Germany;222;4,4;403;271;392;271;160;EU.MUH;20;0,95;0,85;0,4;2,5;3;0,75;0,8;0,6;0,3;0,9;45;1,25;0,93;0,83;0,83;0,83;0,78;0,48;0,29;0,29;0,33;0,8;1,08;1,2;1,2;1,2;1,29;2,1;3,5;3,5;3;0;382,16;1651,2;0;0;227,71;0;1032,15;0;6;237,99;2,21;0,51;3463;0,91;167;39;205;0;9857;4256;9857;0;15;16;17;1,35;0,151;0,93;176,57
DE.N.AB.05.Gen.ReEx.001.001;;;2014-09-08;;Typology;DE;DE.N.AB.05.Gen.ReEx.001;1;;;DE.N.AB.05.Gen;AB;DE.05;1958;1968;3887,4;0,1;0,2;0;479,58;3247,79;0;0;459,24;0;687,03;0;2;0,8;0,6;1,2;1,2;1,2;1,6;1,6;3,5;3,5;3;0,05;0,05;0;0;0;0,01;0,01;0;323,065;26,59;323,065;14,31;0;0,3;0;0;0;0,3;0;1;1;1;0;0;0,5;0;;;;;;;;;;;0;0;0;0;0;0;0;0;0;0;;;;;;;;;;;DE.N;Germany;222;4,4;403;271;392;271;160;EU.MUH;20;0,95;0,85;0,4;2,5;3;0,75;0,8;0,6;0,3;0,9;45;1,25;1,97;0,83;0,83;0,83;0,93;0,63;0,29;0,29;0,33;0,8;0,51;1,2;1,2;1,2;1,08;1,6;3,5;3,5;3;0;243,85;3897,35;0;0;248,24;0;2404,61;0;6;487,56;1,87;0,51;3463;0,92;143;39;183;0;24821;2955;24821;649;14;16;19;1,43;0,163;0,94;154,71
DE.N.AB.05.HR.ReEx.001.001;;;2014-09-08;;Typology;DE;DE.N.AB.05.HR.ReEx.001;1;;;DE.N.AB.05.HR;AB;DE.05;1958;1968;11448,8;0,1;0,2;0;501,19;6949,14;0;0;485,36;269,52;1947,19;0;2;0,8;0,6;1,2;1,2;1,2;1,6;1,6;3,5;3,5;3;0,05;0,05;0;0;0;0,01;0,01;0;493,8;610,1;493,8;349,49;0;0,3;0;0;0;0,3;0;1;1;1;0;0;0,5;0,5;;;;;;;;;;;0;0;0;0;0;0;0;0;0;0;;;;;;;;;;;DE.N;Germany;222;4,4;403;271;392;271;160;EU.MUH;20;0,95;0,85;0,4;2,5;3;0,75;0,8;0,6;0,3;0,9;45;1,25;1,97;0,83;0,83;0,83;0,93;0,63;0,29;0,29;0,33;0,8;0,51;1,2;1,2;1,2;1,08;1,6;3,5;3,5;3;0;254,84;8338,97;0;0;262,36;215,62;6815,17;0;6;1015,44;1,48;0,51;3463;0,93;115;40;154;0;37938;67802;37938;15853;14;16;23;1,55;0,194;0,94;126,25
DE.N.AB.06.Gen.ReEx.001.001;;;2014-09-08;;Typology;DE;DE.N.AB.06.Gen.ReEx.001;1;;;DE.N.AB.06.Gen;AB;DE.06;1969;1978;3322;0,1;0,2;0;540;2130;0;0;540;0;545;0;2;0,5;0,6;1,1;1,1;1,1;1;1;3,5;3,5;4;0,06;0,05;0;0;0;0,02;0,02;0;229;34;229;53;0;0,3;0;0;0;0,3;0;1;1;1;0;0;0,5;0;;;;;;;;;;;0;0;0;0;0;0;0;0;0;0;;;;;;;;;;;DE.N;Germany;222;4,4;403;271;392;271;160;EU.MUH;20;0,95;0,85;0,4;2,5;3;0,75;0,8;0,6;0,3;0,9;45;2;1,97;0,91;0,91;0,91;1,3;1;0,29;0,29;0,25;0,5;0,51;1,1;1,1;1,1;0,77;1;3,5;3,5;4;0;274,58;2343;0;0;207,69;0;1907,5;0;8;375,7;1,54;0,51;3463;0,93;119;40;159;0;17594;3778;17594;2404;12;16;22;1,53;0,179;0,94;132,08
DE.N.AB.06.HR.ReEx.001.001;;;2014-09-08;;Typology;DE;DE.N.AB.06.HR.ReEx.001;1;;;DE.N.AB.06.HR;AB;DE.06;1969;1978;19813,2;0,1;0,2;0;1468,97;14623,4;0;0;1468,97;0;2580,52;0;2;0,5;0,6;1,1;1,1;1,1;1;1;3,5;3,5;4;0,06;0,05;0;0;0;0,02;0,02;0;760,22;763,88;760,22;296,2;0;0,3;0;0;0;0,3;0;1;1;1;0;0;0,5;0;;;;;;;;;;;0;0;0;0;0;0;0;0;0;0;;;;;;;;;;;DE.N;Germany;222;4,4;403;271;392;271;160;EU.MUH;20;0,95;0,85;0,4;2,5;3;0,75;0,8;0,6;0,3;0,9;45;2;1,97;0,91;0,91;0,91;1,3;1;0,29;0,29;0,25;0,5;0,51;1,1;1,1;1,1;0,77;1;3,5;3,5;4;0;746,93;16085,74;0;0;564,99;0;9031,82;0;8;2014,39;1,44;0,51;3463;0,94;112;40;151;0;58407;84892;58407;13436;11;16;23;1,57;0,177;0,94;125,94
DE.East.AB.06.Gen.ReEx.001.001;;;2014-09-08;;Typology;DE;DE.East.AB.06.Gen.ReEx.001;1;;;DE.East.AB.06.Gen;AB;DE.06;1969;1978;3107,5;0,1;0,2;0;598,34;1599,73;0;0;598,34;0;461;0;2;0,8;0,6;1,1;1,1;1,1;1;1;2,7;2,7;4;0,05;0,05;0;0;0;0,02;0,02;0;0;278;0;183;0;0,3;0;0;0;0,3;0;1;1;1;0;0;0,5;0;;;;;;;;;;;0;0;0;0;0;0;0;0;0;0;;;;;;;;;;;DE.N;Germany;222;4,4;403;271;392;271;160;EU.MUH;20;0,95;0,85;0,4;2,5;3;0,75;0,8;0,6;0,3;0,9;45;1,25;1,97;0,91;0,91;0,91;1,3;1;0,37;0,37;0,25;0,8;0,51;1,1;1,1;1,1;0,77;1;2,7;2,7;4;0;304,24;1759,7;0;0;230,13;0;1244,7;0;8;325,94;1,25;0,51;3463;0,94;98;40;137;0;0;30895;0;8301;13;16;26;1,65;0,208;0,94;110,59
DE.East.AB.06.HR.ReEx.001.001;;;2014-09-08;;Typology;DE;DE.East.AB.06.HR.ReEx.001;1;;;DE.East.AB.06.HR;AB;DE.06;1969;1978;5275,6;0,1;0,2;0;598,3369;2992,09;0;0;598,3369;0;756;0;2;0,5;0,6;1,1;1,1;1,1;1;1;2,7;2,7;4;0,06;0,05;0;0;0;0,02;0,02;0;378;0;378;0;0;0,3;0;0;0;0,3;0;1;1;1;0;0;0,5;0;;;;;;;;;;;0;0;0;0;0;0;0;0;0;0;;;;;;;;;;;DE.N;Germany;222;4,4;403;271;392;271;160;EU.MUH;20;0,95;0,85;0,4;2,5;3;0,75;0,8;0,6;0,3;0,9;45;2;1,97;0,91;0,91;0,91;1,3;1;0,37;0,37;0,25;0,5;0,51;1,1;1,1;1,1;0,77;1;2,7;2,7;4;0;304,24;3291,3;0;0;230,13;0;2041,2;0;8;494,68;1,21;0,51;3463;0,94;95;40;135;0;29041;0;29041;0;11;16;26;1,67;0,201;0,94;109,11
DE.East.AB.07.Gen.ReEx.001.001;;;2014-09-08;;Typology;DE;DE.East.AB.07.Gen.ReEx.001;1;;;DE.East.AB.07.Gen;AB;DE.07;1979;1983;3107,5;0,1;0,2;0;598,34;1673,73;0;0;598,34;0;387;0;2;0,5;0,5;0,9;0,9;0,9;0,8;0,8;2,7;2,7;4;0,06;0,06;0;0;0;0,04;0,04;0;0;215;0;172;0;0,3;0;0;0;0,3;0;1;1;1;0;0;0,5;0;;;;;;;;;;;0;0;0;0;0;0;0;0;0;0;;;;;;;;;;;DE.N;Germany;222;4,4;403;271;392;271;160;EU.MUH;20;0,95;0,85;0,4;2,5;3;0,75;0,8;0,6;0,3;0,9;45;2;2,3;1,11;1,11;1,11;1,55;1,25;0,37;0,37;0,25;0,5;0,43;0,9;0,9;0,9;0,65;0,8;2,7;2,7;4;0;260,15;1506,36;0;0;193,01;0;1044,9;0;8;325,94;1,07;0,51;3463;0,95;85;40;125;0;0;23893;0;7802;10;16;28;1,75;0,21;0,95;99,96
DE.East.AB.07.HR.ReEx.001.001;;;2014-09-08;;Typology;DE;DE.East.AB.07.HR.ReEx.001;1;;;DE.East.AB.07.HR;AB;DE.07;1979;1983;7997;0,1;0,2;0;695,12;4221,74;0;0;695,12;0;1471,06;0;2;0,5;0,5;0,9;0,9;0,9;0,8;0,8;3,5;3,5;4;0,08;0,06;0;0;0;0,04;0,04;0;397,245;398,64;397,245;277,93;0;0,3;0;0;0;0,3;0;1;1;1;0;0;0,5;0;;;;;;;;;;;0;0;0;0;0;0;0;0;0;0;;;;;;;;;;;DE.N;Germany;222;4,4;403;271;392;271;160;EU.MUH;20;0,95;0,85;0,4;2,5;3;0,75;0,8;0,6;0,3;0,9;45;2;2,3;1,11;1,11;1,11;1,55;1,25;0,29;0,29;0,25;0,5;0,43;0,9;0,9;0,9;0,65;0,8;3,5;3,5;4;0;302,23;3799,57;0;0;224,23;0;5148,71;0;8;708,5;1,27;0,51;3463;0,94;100;40;140;0;30520;44302;30520;12607;15;16;25;1,64;0,22;0,93;110,85
DE.East.AB.08.Gen.ReEx.001.001;;;2014-09-08;;Typology;DE;DE.East.AB.08.Gen.ReEx.001;1;;;DE.East.AB.08.Gen;AB;DE.08;1984;1994;3107,5;0,1;0,2;0;598,34;1673,73;0;0;598,34;0;387;0;2;0,4;0,4;0,6;0,6;0,6;0,6;0,6;3,5;3,5;4;0,1;0,1;0;0;0;0,06;0,06;0;0;215;0;172;0;0,3;0;0;0;0,3;0;1;1;1;0;0;0,5;0;;;;;;;;;;;0;0;0;0;0;0;0;0;0;0;;;;;;;;;;;DE.N;Germany;222;4,4;403;271;392;271;160;EU.MUH;20;0,95;0,85;0,4;2,5;3;0,75;0,8;0,6;0,3;0,9;45;2,5;2,8;1,67;1,67;1,67;1,97;1,67;0,29;0,29;0,25;0,4;0,36;0,6;0,6;0,6;0,51;0,6;3,5;3,5;4;0;213,69;1004,24;0;0;152,12;0;1354,5;0;8;325,94;0,98;0,51;3463;0,95;78;40;118;0;0;23893;0;7802;10;16;30;1,8;0,222;0,95;93,17
DE.N.MFH.01.Gen.ReEx.001.001;;;2014-09-08;;Typology;DE;DE.N.MFH.01.Gen.ReEx.001;1;;;DE.N.MFH.01.Gen;MFH;DE.01;0;1859;677,4911;0,1;0,2;284,1;0;749,31;0;0;124,76;48,97;106,97;0;2;2,6;1;2;2;2;1,2;1,2;3,5;3,5;3;0;0;0;0;0;0;0;0;25,46;36,57;25,46;19,48;0;0;0;0;0;0,3;0;1;0;1;0;0;0,5;0,5;;;;;;;;;;;0;0;0;0;0;0;0;0;0;0;;;;;;;;;;;DE.N;Germany;222;4,4;403;271;392;271;160;EU.MUH;20;0,95;0,85;0,4;2,5;3;0,75;0,8;0,6;0,3;0,9;45;0,38;1;0,5;0,5;0,5;1,13;0,83;0,29;0,29;0,33;2,6;1;2;2;2;0,88;1,2;3,5;3,5;3;738,66;0;1498,62;0;0;55,04;29,38;374,4;0;6;131,61;4,18;0,51;3463;0,85;296;36;332;0;1956;4064;1956;884;13;16;10;1,12;0,088;0,94;304,22
DE.N.MFH.02.Gen.ReEx.001.001;;;2014-09-08;;Typology;DE;DE.N.MFH.02.Gen.ReEx.001;1;;;DE.N.MFH.02.Gen;MFH;DE.02;1860;1918;312,4;0,1;0,2;102,8;0;146;0;0;102,8;0;54,08;0;2;1,3;1;2,2;2,2;2,2;1,2;1,2;2,7;2,7;3;0;0;0;0;0;0;0;0;26,395;0;26,395;1,29;0;0,3;0;0;0;0,3;0;1;1;1;0;0;0,5;0;;;;;;;;;;;0;0;0;0;0;0;0;0;0;0;;;;;;;;;;;DE.N;Germany;222;4,4;403;271;392;271;160;EU.MUH;20;0,95;0,85;0,4;2,5;3;0,75;0,8;0,6;0,3;0,9;45;0,77;1,3;0,45;0,45;0,45;1,13;0,83;0,37;0,37;0,33;1,3;0,77;2,2;2,2;2,2;0,88;1,2;2,7;2,7;3;133,64;0;321,2;0;0;45,35;0;146,02;0;6;40,77;2,22;0,51;3463;0,91;168;39;206;0;2028;0;2028;59;13;16;16;1,35;0,141;0,94;178,87
DE.N.MFH.03.Gen.ReEx.001.001;;;2014-09-08;;Typology;DE;DE.N.MFH.03.Gen.ReEx.001;1;;;DE.N.MFH.03.Gen;MFH;DE.03;1919;1948;385;0,1;0,2;158,5;31,1;323,54;0;0;127,4;31,1;71,16;0;2;1,4;0,8;1,7;1,7;1,7;1;1;3,5;3,5;3;0;0;0;0;0;0;0;0;9,5;33,66;9,5;18,5;0;0,3;0;0;0;0,3;0;1;1;1;0;0;0,5;0,5;;;;;;;;;;;0;0;0;0;0;0;0;0;0;0;;;;;;;;;;;DE.N;Germany;222;4,4;403;271;392;271;160;EU.MUH;20;0,95;0,85;0,4;2,5;3;0,75;0,8;0,6;0,3;0,9;45;0,71;1,55;0,59;0,59;0,59;1,3;1;0,29;0,29;0,33;1,4;0,65;1,7;1,7;1,7;0,77;1;3,5;3,5;3;221,9;20,06;550,02;0;0;49;15,55;249,06;0;6;74,48;3,08;0,51;3463;0,88;225;37;263;0;730;3741;730;839;16;16;13;1,22;0,121;0,93;233,29
DE.N.MFH.04.Gen.ReEx.001.001;;;2014-09-08;;Typology;DE;DE.N.MFH.04.Gen.ReEx.001;1;;;DE.N.MFH.04.Gen;MFH;DE.04;1949;1957;632,28;0,1;0,2;0;355;462;0;0;355;0;98,72;0;2;1,4;1,6;1,2;1,2;1,2;2,2;2,2;3,5;3,5;3;0;0,01;0;0;0;0;0;0;45,58;3,78;45,58;3,78;0;0,3;0;0;0;0,3;0;0;1;1;0;0;0,5;0;;;;;;;;;;;0;0;0;0;0;0;0;0;0;0;;;;;;;;;;;DE.N;Germany;222;4,4;403;271;392;271;160;EU.MUH;20;0,95;0,85;0,4;2,5;3;0,75;0,8;0,6;0,3;0,9;45;0,71;0,93;0,83;0,83;0,83;0,75;0,45;0,29;0,29;0,33;1,4;1,08;1,2;1,2;1,2;1,33;2,2;3,5;3,5;3;0;383,78;554,4;0;0;235,24;0;345,52;0;6;127,27;2,61;0,51;3463;0,9;195;38;233;0;3502;420;3502;171;12;16;14;1,28;0,12;0,94;206,3
DE.East.MFH.04.Gen.ReEx.001.001;;;2014-09-08;;Typology;DE;DE.East.MFH.04.Gen.ReEx.001;1;;;DE.East.MFH.04.Gen;MFH;DE.04;1949;1957;1928,3;0,1;0,2;0;558,714;1158,16;0;0;558,714;0;319,9;0;2;1,4;1,6;1,2;1,2;1,2;2,2;2,2;3,5;3,5;3;0;0,01;0;0;0;0;0;0;0;150,3;0;169,6;0;0,3;0;0;0;0,3;0;1;1;1;0;0;0,5;0;;;;;;;;;;;0;0;0;0;0;0;0;0;0;0;;;;;;;;;;;DE.N;Germany;222;4,4;403;271;392;271;160;EU.MUH;20;0,95;0,85;0,4;2,5;3;0,75;0,8;0,6;0,3;0,9;45;0,71;0,93;0,83;0,83;0,83;0,75;0,45;0,29;0,29;0,33;1,4;1,08;1,2;1,2;1,2;1,33;2,2;3,5;3,5;3;0;604,02;1389,79;0;0;370,23;0;1119,65;0;6;259,75;1,94;0,51;3463;0,92;148;39;187;0;0;16703;0;7693;13;16;18;1,41;0,153;0,94;160,48
DE.N.MFH.05.Gen.ReEx.001.001;;;2014-09-08;;Typology;DE;DE.N.MFH.05.Gen.ReEx.001;1;;;DE.N.MFH.05.Gen;MFH;DE.05;1958;1968;3129,071;0,1;0,2;0;971,11;2039;0;0;971,11;0;507,48;0;2;0,8;0,6;1,2;1,2;1,2;1,6;1,6;3,5;3,5;3;0,05;0,05;0;0;0;0,01;0,01;0;22,245;243,24;22,245;219,75;0;0,3;0;0;0;0,3;0;0;1;1;0;0;0,5;0;;;;;;;;;;;0;0;0;0;0;0;0;0;0;0;;;;;;;;;;;DE.N;Germany;222;4,4;403;271;392;271;160;EU.MUH;20;0,95;0,85;0,4;2,5;3;0,75;0,8;0,6;0,3;0,9;45;1,25;1,97;0,83;0,83;0,83;0,93;0,63;0,29;0,29;0,33;0,8;0,51;1,2;1,2;1,2;1,08;1,6;3,5;3,5;3;0;493,78;2446,8;0;0;524,92;0;1776,18;0;6;449,07;1,82;0,51;3463;0,92;140;39;179;0;1709;27032;1709;9968;13;16;19;1,44;0,162;0,94;151,59
DE.East.MFH.05.Gen.ReEx.001.001;;;2014-09-08;;Typology;DE;DE.East.MFH.05.Gen.ReEx.001;1;;;DE.East.MFH.05.Gen;MFH;DE.05;1958;1968;2742,3;0,1;0,2;0;811,92;1480,48;0;0;811,92;0;547;0;2;0,8;0,6;1,1;1,1;1,1;1,6;1,6;2,7;2,7;3;0,05;0,05;0;0;0;0,01;0,01;0;267,5;6;267,5;6;0;0,3;0;0;0;0,3;0;1;1;1;0;0;0,5;0;;;;;;;;;;;0;0;0;0;0;0;0;0;0;0;;;;;;;;;;;DE.N;Germany;222;4,4;403;271;392;271;160;EU.MUH;20;0,95;0,85;0,4;2,5;3;0,75;0,8;0,6;0,3;0,9;45;1,25;1,97;0,91;0,91;0,91;0,93;0,63;0,37;0,37;0,33;0,8;0,51;1,1;1,1;1,1;1,08;1,6;2,7;2,7;3;0;412,84;1628,53;0;0;438,88;0;1476,9;0;6;365,33;1,58;0,51;3463;0,93;122;39;162;0;20552;667;20552;272;15;16;22;1,52;0,194;0,93;132,37
DE.N.MFH.06.Gen.ReEx.001.001;;;2014-09-08;;Typology;DE;DE.N.MFH.06.Gen.ReEx.001;1;;;DE.N.MFH.06.Gen;MFH;DE.06;1969;1978;468,611;0,1;0,2;0;216,7;336;0;0;216,7;0;81,3;0;2;0,5;0,6;1;1;1;1;1;3,5;3,5;4;0,06;0,05;0;0;0;0,02;0,02;0;40,65;0;40,65;0;0;0,3;0;0;0;0,3;0;0;1;1;0;0;0,5;0;;;;;;;;;;;0;0;0;0;0;0;0;0;0;0;;;;;;;;;;;DE.N;Germany;222;4,4;403;271;392;271;160;EU.MUH;20;0,95;0,85;0,4;2,5;3;0,75;0,8;0,6;0,3;0,9;45;2;1,97;1;1;1;1,3;1;0,29;0,29;0,25;0,5;0,51;1;1;1;0,77;1;3,5;3,5;4;0;110,19;336;0;0;83,35;0;284,55;0;8;85,27;1,94;0,51;3463;0,92;148;39;187;0;3123;0;3123;0;13;16;18;1,41;0,157;0,94;159,33
DE.N.MFH.07.Gen.ReEx.001.001;;;2014-09-08;;Typology;DE;DE.N.MFH.07.Gen.ReEx.001;1;;;DE.N.MFH.07.Gen;MFH;DE.07;1979;1983;653,95;0,1;0,2;0;248,25;447,13;0;0;248,25;0;99,37;0;2;0,5;0,5;0,8;0,8;0,8;0,8;0,8;3,5;3,5;4;0,08;0,06;0;0;0;0,04;0,04;0;46,335;3,35;46,335;3,35;0;0,3;0;0;0;0,3;0;0;1;1;0;0;0,5;0;;;;;;;;;;;0;0;0;0;0;0;0;0;0;0;;;;;;;;;;;DE.N;Germany;222;4,4;403;271;392;271;160;EU.MUH;20;0,95;0,85;0,4;2,5;3;0,75;0,8;0,6;0,3;0,9;45;2;2,3;1,25;1,25;1,25;1,55;1,25;0,29;0,29;0,25;0,5;0,43;0,8;0,8;0,8;0,65;0,8;3,5;3,5;4;0;107,93;357,7;0;0;80,08;0;347,8;0;8;104,5;1,54;0,51;3463;0,93;119;40;159;0;3560;372;3560;152;12;16;22;1,53;0,174;0,94;132,6
DE.N.MFH.08.Gen.ReEx.001.001;;;2014-09-08;;Typology;DE;DE.N.MFH.08.Gen.ReEx.001;1;;;DE.N.MFH.08.Gen;MFH;DE.08;1984;1994;778,14;0,1;0,2;0;249,4;774,8;0;0;249,4;0;161;0;2;0,4;0,4;0,6;0,6;0,6;0,6;0,6;3,5;3,5;4;0,12;0,1;0;0;0;0,06;0,06;0;11,4;84,2;11,4;54;0;0,3;0;0;0;0,3;0;0;1;1;0;0;0,5;0;;;;;;;;;;;0;0;0;0;0;0;0;0;0;0;;;;;;;;;;;DE.N;Germany;222;4,4;403;271;392;271;160;EU.MUH;20;0,95;0,85;0,4;2,5;3;0,75;0,8;0,6;0,3;0,9;45;2,5;2,8;1,67;1,67;1,67;1,97;1,67;0,29;0,29;0,25;0,4;0,36;0,6;0,6;0,6;0,51;0,6;3,5;3,5;4;0;89,07;464,88;0;0;63,41;0;563,5;0;8;143,66;1,71;0,51;3463;0,93;132;39;171;0;876;9357;876;2449;17;16;20;1,47;0,195;0,93;140,15
DE.N.MFH.09.Gen.ReEx.001.001;;;2014-09-08;;Typology;DE;DE.N.MFH.09.Gen.ReEx.001;1;;;DE.N.MFH.09.Gen;MFH;DE.09;1995;2001;834,9;0,1;0,2;0;283,7;695,8;0;0;283,7;0;162,8;0;2;0,35;0,35;0,4;0,4;0,4;0,45;0,45;1,9;1,9;2;0,14;0,1;0,08;0,08;0,08;0,08;0,08;0;22,7;77,5;22,7;39,9;0;0,3;0;0;0;0,3;0;0;1;1;0;0;0,5;0;;;;;;;;;;;0;0;0;0;0;0;0;0;0;0;;;;;;;;;;;DE.N;Germany;222;4,4;403;271;392;271;160;EU.MUH;20;0,95;0,85;0,4;2,5;3;0,6;0,8;0,6;0,3;0,9;45;2,86;3,16;2,5;2,5;2,5;2,52;2,22;0,53;0,53;0,5;0,35;0,32;0,4;0,4;0,4;0,4;0,45;1,9;1,9;2;0;89,86;278,32;0;0;56,24;0;309,32;0;4;142,8;1,05;0,51;3463;0,95;83;40;123;0;1395;6890;1395;1448;13;16;29;1,76;0,238;0,94;95,82
DE.N.MFH.10.Gen.ReEx.001.001;;;2014-09-08;;Typology;DE;DE.N.MFH.10.Gen.ReEx.001;1;;;DE.N.MFH.10.Gen;MFH;DE.10;2002;2009;2190,1;0,05;0,1;580;0;1698;0;0;619,5;0;308,7;0;2;0,2;0,24;0,25;0,25;0,25;0,35;0,35;1,4;1,4;3;0,18;0,2;0,14;0,14;0,14;0,1;0,1;0;79,5;108,6;77,9;42,7;0;0;0;0;0;0,3;0;1;0;1;0;0;0,5;0;;;;;;;;;;;0;0;0;0;0;0;0;0;0;0;;;;;;;;;;;DE.N;Germany;222;4,4;403;271;392;271;160;EU.MUH;20;0,95;0,85;0,4;2,5;3;0,6;0,8;0,6;0,3;0,9;45;5;4,17;4;4;4;3,16;2,86;0,71;0,71;0,33;0,2;0,24;0,25;0,25;0,25;0,32;0,35;1,4;1,4;3;116;0;424,5;0;0;98,11;0;432,18;0;6;160,41;0,56;0,43;3463;0,95;45;34;78;0;4886;9655;4788;1549;10;16;45;2,32;0,326;0,95;53,97
DE.N.SFH.01.Gen.ReEx.001.001;;;2014-09-08;;Typology;DE;DE.N.SFH.01.Gen.ReEx.001;1;;;DE.N.SFH.01.Gen;SFH;DE.01;0;1859;218,9;0,1;0,2;134,19;0;169,78;0;0;0;85,46;28,78;0;2;2,6;1;2;2;2;2,9;2,9;3,5;5;3;0;0;0;0;0;0;0;0;7,94;9,56;7,94;3,34;0;0;0;0;0;0;0;1;0;1;1;0,5;0;0,5;;;;;;;;;;;0;0;0;0;0;0;0;0;0;0;;;;;;;;;;;DE.N;Germany;222;4,4;403;271;392;271;160;EU.SUH;20;0,9;0,8;0,4;2,5;3;0,75;0,8;0,6;0,3;0,9;45;0,38;1;0,5;0,5;0,5;0,34;0,34;0,29;0,2;0,33;2,6;1;2;2;2;2,9;2,9;3,5;5;3;348,89;0;339,56;0;0;0;123,92;100,73;0;6;42,02;4,39;0,51;3463;0,8;292;34;326;0;610;1062;610;152;11;16;9;1,11;0,083;0,94;300,36
DE.N.SFH.02.Gen.ReEx.001.001;;;2014-09-08;;Typology;DE;DE.N.SFH.02.Gen.ReEx.001;1;;;DE.N.SFH.02.Gen;SFH;DE.02;1860;1918;141,79;0,1;0,2;83,12;0;194,04;0;0;45,6;32,7;22,3;0;2;1,3;1;1,7;1,7;1,7;1,2;1,2;3,5;3,5;3;0;0;0;0;0;0;0;0;7,65;5,6;7,65;1,4;0;0;0;0;0;0,3;0;1;0;1;0;0;0,5;0,5;;;;;;;;;;;0;0;0;0;0;0;0;0;0;0;;;;;;;;;;;DE.N;Germany;222;4,4;403;271;392;271;160;EU.SUH;20;0,9;0,8;0,4;2,5;3;0,75;0,8;0,6;0,3;0,9;45;0,77;1;0,59;0,59;0,59;1,13;0,83;0,29;0,29;0,33;1,3;1;1,7;1,7;1,7;0,88;1,2;3,5;3,5;3;108,06;0;329,87;0;0;20,12;19,62;78,05;0;6;37,98;4,23;0,51;3463;0,8;281;34;315;0;588;622;588;64;13;16;9;1,12;0,092;0,94;287,89
DE.N.SFH.03.Gen.ReEx.001.001;;;2014-09-08;;Typology;DE;DE.N.SFH.03.Gen.ReEx.001;1;;;DE.N.SFH.03.Gen;SFH;DE.03;1919;1948;302,5;0,1;0,2;213,99;0;235,3;0;0;144,9;0;52,35;0;2;1,4;0,8;1,7;1,7;1,7;1;1;3,5;3,5;3;0;0;0;0;0;0;0;0;9,1;22;9,1;12,15;0;0;0;0;0;0,3;0;1;0;1;0;0;0,5;0;;;;;;;;;;;0;0;0;0;0;0;0;0;0;0;;;;;;;;;;;DE.N;Germany;222;4,4;403;271;392;271;160;EU.SUH;20;0,9;0,8;0,4;2,5;3;0,75;0,8;0,6;0,3;0,9;45;0,71;1,25;0,59;0,59;0,59;1,3;1;0,29;0,29;0,33;1,4;0,8;1,7;1,7;1,7;0,77;1;3,5;3,5;3;299,59;0;400,01;0;0;55,73;0;183,23;0;6;64,85;3,34;0,51;3463;0,82;228;35;263;0;699;2445;699;551;15;16;12;1,19;0,116;0,93;234,45
DE.N.SFH.04.Gen.ReEx.001.001;;;2014-09-08;;Typology;DE;DE.N.SFH.04.Gen.ReEx.001;1;;;DE.N.SFH.04.Gen;SFH;DE.04;1949;1957;111,1;0,1;0,2;125,4;0;117,8;0;0;62;17,9;18,4;0;2;1,4;0,8;1,4;1,4;1,4;1,01;1,01;3,5;3,5;3;0;0;0;0;0;0;0;0;3,25;8,6;3,25;3,3;0;0;0;0;0;0,3;0;1;0;1;0;0;0,5;0,5;;;;;;;;;;;0;0;0;0;0;0;0;0;0;0;;;;;;;;;;;DE.N;Germany;222;4,4;403;271;392;271;160;EU.SUH;20;0,9;0,8;0,4;2,5;3;0,75;0,8;0,6;0,3;0,9;45;0,71;1,25;0,71;0,71;0,71;1,29;0,99;0,29;0,29;0,33;1,4;0,8;1,4;1,4;1,4;0,78;1,01;3,5;3,5;3;175,56;0;164,92;0;0;24,03;9,04;64,4;0;6;34,35;4,31;0,51;3463;0,8;286;34;320;0;250;956;250;150;14;16;9;1,11;0,095;0,93;291,77
DE.N.SFH.05.Gen.ReEx.001.001;;;2014-09-08;;Typology;DE;DE.N.SFH.05.Gen.ReEx.001;1;;;DE.N.SFH.05.Gen;SFH;DE.05;1958;1968;266,2;0,1;0,2;180,9;0;183,33;0;51;145;0;45,15;0;2;0,8;0,6;1,2;1,2;1,2;1,6;1,6;3,5;3,5;3;0,05;0,05;0;0;0;0,01;0,01;0;9,12;10,02;9,12;16,89;0;0;0;0;0,3;0,3;0;1;0;1;0;0,5;0,5;0;;;;;;;;;;;0;0;0;0;0;0;0;0;0;0;;;;;;;;;;;DE.N;Germany;222;4,4;403;271;392;271;160;EU.SUH;20;0,9;0,8;0,4;2,5;3;0,75;0,8;0,6;0,3;0,9;45;1,25;1,67;0,83;0,83;1,13;0,93;0,63;0,29;0,29;0,33;0,8;0,6;1,2;1,2;0,88;1,08;1,6;3,5;3,5;3;144,72;0;220;0;22,5;78,38;0;158,03;0;6;60,74;2,59;0,51;3463;0,85;183;36;218;0;701;1114;701;766;12;16;15;1,28;0,13;0,94;191,95
DE.N.SFH.06.Gen.ReEx.001.001;;;2014-09-08;;Typology;DE;DE.N.SFH.06.Gen.ReEx.001;1;;;DE.N.SFH.06.Gen;SFH;DE.06;1969;1978;173,25;0,1;0,2;183,13;0;177,55;0;0;78,32;74;34,21;0;2;0,5;0,6;1;1;1;1;1;3,5;3,5;3;0,06;0,05;0;0;0;0,02;0,02;0;5;16,64;5;7,57;0;0,3;0;0;0;0,3;0;1;1;1;0;0;0,5;0,5;;;;;;;;;;;0;0;0;0;0;0;0;0;0;0;;;;;;;;;;;DE.N;Germany;222;4,4;403;271;392;271;160;EU.SUH;20;0,9;0,8;0,4;2,5;3;0,75;0,8;0,6;0,3;0,9;45;2;1,97;1;1;1;1,3;1;0,29;0,29;0,33;0,5;0,51;1;1;1;0,77;1;3,5;3,5;3;91,57;0;177,55;0;0;30,12;37;119,74;0;6;54,92;2,98;0,51;3463;0,83;207;35;242;0;384;1849;384;343;17;16;13;1,23;0,137;0,92;211,56
DE.N.SFH.06.LightFrame.ReEx.001.001;;;2014-09-08;;Typology;DE;DE.N.SFH.06.LightFrame.ReEx.001;1;;;DE.N.SFH.06.LightFrame;SFH;DE.06;1969;1978;184,8;0,1;0,2;138;0;117;0;0;106;0;32;0;2,2;0,5;0,5;0,6;0,6;0,6;1;1;3,5;3,5;3;0,08;0,1;0,06;0,06;0,06;0,02;0,02;0;6,15;16,5;6,15;3,2;0;0;0;0;0;0,3;0;1;0;1;0;0;0,5;0;;;;;;;;;;;0;0;0;0;0;0;0;0;0;0;;;;;;;;;;;DE.N;Germany;222;4,4;403;271;392;271;160;EU.SUH;20;0,9;0,8;0,4;2,5;3;0,75;0,8;0,6;0,3;0,9;45;2;2;1,67;1,67;1,67;1,3;1;0,29;0,29;0,33;0,5;0,5;0,6;0,6;0,6;0,77;1;3,5;3,5;3;69;0;70,2;0;0;40,77;0;112;0;6,6;39,52;1,83;0,51;3463;0,87;133;37;170;0;472;1834;472;145;16;16;19;1,44;0,188;0,93;140,18
DE.N.SFH.07.Gen.ReEx.001.001;;;2014-09-08;;Typology;DE;DE.N.SFH.07.Gen.ReEx.001;1;;;DE.N.SFH.07.Gen;SFH;DE.07;1979;1983;215,6;0,1;0,2;100,8;0;159,4;0;0;83,4;0;27;0;2;0,5;0,5;0,8;0,8;0,8;0,8;0,8;4,3;4,3;3;0,08;0,06;0;0;0;0,04;0,04;0;8,69;6,02;8,69;3,6;0;0;0;0;0;0,3;0;1;0;1;0;0;0,5;0;;;;;;;;;;;0;0;0;0;0;0;0;0;0;0;;;;;;;;;;;DE.N;Germany;222;4,4;403;271;392;271;160;EU.SUH;20;0,9;0,8;0,4;2,5;3;0,75;0,8;0,6;0,3;0,9;45;2;2;1,25;1,25;1,25;1,55;1,25;0,23;0,23;0,33;0,5;0,5;0,8;0,8;0,8;0,65;0,8;4,3;4,3;3;50,4;0;127,52;0;0;26,9;0;116,1;0;6;37,26;1,69;0,51;3463;0,88;123;37;160;0;668;669;668;163;10;16;20;1,48;0,162;0,94;135,76
DE.N.SFH.08.Gen.ReEx.001.001;;;2014-09-08;;Typology;DE;DE.N.SFH.08.Gen.ReEx.001;1;;;DE.N.SFH.08.Gen;SFH;DE.08;1984;1994;150,205;0,1;0,2;123,2;0;211,3;0;0;75,33;0;29,67;0;2;0,4;0,4;0,5;0,5;0,5;0,6;0,6;3,5;3,5;3;0,12;0,1;0;0;0;0,06;0,06;0;7,42;12,73;7,42;2,1;0;0;0;0;0;0,3;0;1;0;1;0;0;0,5;0;;;;;;;;;;;0;0;0;0;0;0;0;0;0;0;;;;;;;;;;;DE.N;Germany;222;4,4;403;271;392;271;160;EU.SUH;20;0,9;0,8;0,4;2,5;3;0,75;0,8;0,6;0,3;0,9;45;2,5;2,5;2;2;2;1,97;1,67;0,29;0,29;0,33;0,4;0,4;0,5;0,5;0,5;0,51;0,6;3,5;3,5;3;49,28;0;105,65;0;0;19,15;0;103,85;0;6;44,15;2,18;0,51;3463;0,86;156;36;193;0;570;1415;570;95;18;16;17;1,36;0,175;0,92;161,71
DE.N.SFH.09.Gen.ReEx.001.001;;;2014-09-08;;Typology;DE;DE.N.SFH.09.Gen.ReEx.001;1;;;DE.N.SFH.09.Gen;SFH;DE.09;1995;2001;121,88;0,1;0,2;115,5;0;126,6;0;0;84,3076;0;32,46;0;2;0,35;0,3;0,3;0,3;0,3;0,45;0,45;1,9;1,9;2;0,14;0,16;0,1;0,1;0,1;0,08;0,08;0;3,6;20,26;3,6;5;0;0;0;0;0;0,3;0;1;0;1;0;0;0,5;0;;;;;;;;;;;0;0;0;0;0;0;0;0;0;0;;;;;;;;;;;DE.N;Germany;222;4,4;403;271;392;271;160;EU.SUH;20;0,9;0,8;0,4;2,5;3;0,6;0,8;0,6;0,3;0,9;45;2,86;3,33;3,33;3,33;3,33;2,52;2,22;0,53;0,53;0,5;0,35;0,3;0,3;0,3;0,3;0,4;0,45;1,9;1,9;2;40,43;0;37,98;0;0;16,71;0;61,67;0;4;36,09;1,62;0,51;3463;0,88;118;37;155;0;221;1801;221;181;20;16;21;1,51;0,231;0,91;122,6
DE.N.SFH.10.Gen.ReEx.001.001;;;2014-09-08;;Typology;DE;DE.N.SFH.10.Gen.ReEx.001;1;;;DE.N.SFH.10.Gen;SFH;DE.10;2002;2009;146,52;0,05;0,1;85,91;0;188,86;0;0;79,82;0;28,3;0;2;0,25;0,24;0,3;0,3;0,3;0,3;0,3;1,4;1,4;2;0,16;0,2;0,1;0,1;0,1;0,1;0,1;0;3,935;17,31;3,935;3,12;0;0;0;0;0;0,3;0;1;0;1;0;0;0,5;0;;;;;;;;;;;0;0;0;0;0;0;0;0;0;0;;;;;;;;;;;DE.N;Germany;222;4,4;403;271;392;271;160;EU.SUH;20;0,9;0,8;0,4;2,5;3;0,6;0,8;0,6;0,3;0,9;45;4;4,17;3,33;3,33;3,33;3,63;3,33;0,71;0,71;0,5;0,25;0,24;0,3;0,3;0,3;0,28;0,3;1,4;1,4;2;21,48;0;56,66;0;0;10,98;0;39,62;0;4;19,24;1,04;0,43;3463;0,9;77;32;109;0;242;1539;242;113;15;16;31;1,83;0,28;0,93;80,89
DE.N.TH.02.Gen.ReEx.001.001;;;2014-09-08;;Typology;DE;DE.N.TH.02.Gen.ReEx.001;1;;;DE.N.TH.02.Gen;TH;DE.02;0;1918;95,964;0,1;0,2;0;60;74,47;0;0;60;0;18,091;0;2;1,3;1;1,7;1,7;1,7;1,2;1,2;2,7;2,7;3;0;0;0;0;0;0;0;0;0,0005;7,98;0,0005;10,11;0;0,3;0;0;0;0,3;0;0;1;1;0;0;0,5;0;;;;;;;;;;;0;0;0;0;0;0;0;0;0;0;;;;;;;;;;;DE.N;Germany;222;4,4;403;271;392;271;160;EU.SUH;20;0,9;0,8;0,4;2,5;3;0,75;0,8;0,6;0,3;0,9;45;0,77;1,3;0,59;0,59;0,59;1,13;0,83;0,37;0,37;0,33;1,3;0,77;1,7;1,7;1,7;0,88;1,2;2,7;2,7;3;0;46,15;126,6;0;0;26,47;0;48,85;0;6;21,46;2,87;0,51;3463;0,84;200;36;235;0;0;887;0;459;14;16;13;1,24;0,127;0,93;207,43
DE.N.TH.03.Gen.ReEx.001.001;;;2014-09-08;;Typology;DE;DE.N.TH.03.Gen.ReEx.001;1;;;DE.N.TH.03.Gen;TH;DE.03;1919;1948;112,75;0,1;0,2;0;50,35;64,14;0;0;50,35;0;21,48;0;2;1,4;0,8;1,7;1,7;1,7;1;1;3,5;3,5;3;0;0;0;0;0;0;0;0;0;13,55;0;7,93;0;0,3;0;0;0;0,3;0;0;1;1;0;0;0,5;0;;;;;;;;;;;0;0;0;0;0;0;0;0;0;0;;;;;;;;;;;DE.N;Germany;222;4,4;403;271;392;271;160;EU.SUH;20;0,9;0,8;0,4;2,5;3;0,75;0,8;0,6;0,3;0,9;45;0,71;1,55;0,59;0,59;0,59;1,3;1;0,29;0,29;0,33;1,4;0,65;1,7;1,7;1,7;0,77;1;3,5;3,5;3;0;32,48;109,04;0;0;19,37;0;75,18;0;6;18,83;2,31;0,51;3463;0,86;165;36;201;0;0;1506;0;360;17;16;16;1,33;0,162;0,92;170,89
DE.N.TH.04.Gen.ReEx.001.001;;;2014-09-08;;Typology;DE;DE.N.TH.04.Gen.ReEx.001;1;;;DE.N.TH.04.Gen;TH;DE.04;1949;1957;149,6;0,1;0,2;0;81,2;134,66;0;0;81,2;0;46,67;0;2;1,4;0,8;1,2;1,2;1,2;2,1;2,1;3,5;3,5;3;0;0;0;0;0;0;0;0;0;25,65;0;21,02;0;0,3;0;0;0;0,3;0;0;1;1;0;0;0,5;0;;;;;;;;;;;0;0;0;0;0;0;0;0;0;0;;;;;;;;;;;DE.N;Germany;222;4,4;403;271;392;271;160;EU.SUH;20;0,9;0,8;0,4;2,5;3;0,75;0,8;0,6;0,3;0,9;45;0,71;1,55;0,83;0,83;0,83;0,78;0,48;0,29;0,29;0,33;1,4;0,65;1,2;1,2;1,2;1,29;2,1;3,5;3,5;3;0;52,39;161,59;0;0;52,31;0;163,35;0;6;34,57;3,14;0,51;3463;0,83;216;35;252;0;0;2851;0;953;25;16;12;1,21;0,165;0,9;214,13
DE.N.TH.05.Gen.ReEx.001.001;;;2014-09-08;;Typology;DE;DE.N.TH.05.Gen.ReEx.001;1;;;DE.N.TH.05.Gen;TH;DE.05;1958;1968;117,37;0,1;0,2;0;46,2;40,42;0;0;46,2;0;13,52;0;2;0,8;0,6;1,2;1,2;1,2;1,6;1,6;3,5;3,5;3;0,05;0,05;0;0;0;0,01;0,01;0;0;8,13;0;5,39;0;0,3;0;0;0;0,3;0;0;1;1;0;0;0,5;0;;;;;;;;;;;0;0;0;0;0;0;0;0;0;0;;;;;;;;;;;DE.N;Germany;222;4,4;403;271;392;271;160;EU.SUH;20;0,9;0,8;0,4;2,5;3;0,75;0,8;0,6;0,3;0,9;45;1,25;1,97;0,83;0,83;0,83;0,93;0,63;0,29;0,29;0,33;0,8;0,51;1,2;1,2;1,2;1,08;1,6;3,5;3,5;3;0;23,49;48,5;0;0;24,97;0;47,32;0;6;14,83;1,41;0,51;3463;0,89;104;38;141;0;0;904;0;244;10;16;23;1,58;0,182;0,94;116,91
DE.N.TH.06.Gen.ReEx.001.001;;;2014-09-08;;Typology;DE;DE.N.TH.06.Gen.ReEx.001;1;;;DE.N.TH.06.Gen;TH;DE.06;1969;1978;106,3062;0,1;0,2;0;60,85;53,72;0;0;60,85;0;23,36;0;2;0,5;0,6;1;1;1;1;1;3,5;3,5;3;0,08;0,05;0;0;0;0,02;0,02;0;11,68;0;11,68;0;0;0,3;0;0;0;0,3;0;0;1;1;0;0;0,5;0;;;;;;;;;;;0;0;0;0;0;0;0;0;0;0;;;;;;;;;;;DE.N;Germany;222;4,4;403;271;392;271;160;EU.SUH;20;0,9;0,8;0,4;2,5;3;0,75;0,8;0,6;0,3;0,9;45;2;1,97;1;1;1;1,3;1;0,29;0,29;0,33;0,5;0,51;1;1;1;0,77;1;3,5;3,5;3;0;30,94;53,72;0;0;23,4;0;81,76;0;6;20,08;2,03;0,51;3463;0,87;146;37;183;0;897;0;897;0;17;16;18;1,39;0,18;0,92;152,47
DE.N.TH.07.Gen.ReEx.001.001;;;2014-09-08;;Typology;DE;DE.N.TH.07.Gen.ReEx.001;1;;;DE.N.TH.07.Gen;TH;DE.07;1979;1983;108,273;0,1;0,2;97,63;0;54,1;0;0;73;0;20,25;0;2;0,5;0,5;0,8;0,8;0,8;0,8;0,8;3,5;3,5;3;0,08;0,06;0;0;0;0,04;0,04;0;0;11,92;0;8,33;0;0;0;0;0;0,3;0;1;0;1;0;0;0,5;0;;;;;;;;;;;0;0;0;0;0;0;0;0;0;0;;;;;;;;;;;DE.N;Germany;222;4,4;403;271;392;271;160;EU.SUH;20;0,9;0,8;0,4;2,5;3;0,75;0,8;0,6;0,3;0,9;45;2;2;1,25;1,25;1,25;1,55;1,25;0,29;0,29;0,33;0,5;0,5;0,8;0,8;0,8;0,65;0,8;3,5;3,5;3;48,82;0;43,28;0;0;23,55;0;70,88;0;6;24,7;2,01;0,51;3463;0,87;144;37;181;0;0;1325;0;378;16;16;18;1,4;0,175;0,93;151,83
DE.N.TH.08.Gen.ReEx.001.001;;;2014-09-08;;Typology;DE;DE.N.TH.08.Gen.ReEx.001;1;;;DE.N.TH.08.Gen;TH;DE.08;1984;1994;127,6;0,1;0,2;64,87;0;50,9;0;0;56,08;0;18,75;0;2;0,4;0,4;0,6;0,6;0,6;0,6;0,6;3,5;3,5;3;0,12;0,1;0;0;0;0,06;0,06;0;9,375;0;9,375;0;0;0;0;0;0;0,3;0;1;0;1;0;0;0,5;0;;;;;;;;;;;0;0;0;0;0;0;0;0;0;0;;;;;;;;;;;DE.N;Germany;222;4,4;403;271;392;271;160;EU.SUH;20;0,9;0,8;0,4;2,5;3;0,75;0,8;0,6;0,3;0,9;45;2,5;2,5;1,67;1,67;1,67;1,97;1,67;0,29;0,29;0,33;0,4;0,4;0,6;0,6;0,6;0,51;0,6;3,5;3,5;3;25,95;0;30,54;0;0;14,26;0;65,63;0;6;19,26;1,27;0,51;3463;0,89;94;38;132;0;720;0;720;0;11;16;25;1,64;0,207;0,94;105,97
DE.N.TH.09.Gen.ReEx.001.001;;;2014-09-08;;Typology;DE;DE.N.TH.09.Gen.ReEx.001;1;;;DE.N.TH.09.Gen;TH;DE.09;1995;2001;148,83;0,1;0,2;77,4;0;45,2;13,9;0;0;51,9;22,4;0;2,5;0,35;0,27;0,6;0,6;0,6;0,45;0,45;1,6;1,6;2;0,14;0,18;0;0;0;0,08;0,08;0;0;18,2;0;4,2;0;0;0;0;0;0;0;1;0;1;0,5;0;0;0,5;;;;;;;;;;;0;0;0;0;0;0;0;0;0;0;;;;;;;;;;;DE.N;Germany;222;4,4;403;271;392;271;160;EU.SUH;20;0,9;0,8;0,4;2,5;3;0,6;0,8;0,6;0,3;0,9;45;2,86;3,7;1,67;1,67;1,67;2,22;2,22;0,63;0,63;0,5;0,35;0,27;0,6;0,6;0,6;0,45;0,45;1,6;1,6;2;27,09;0;27,12;4,17;0;0;11,68;35,84;0;5;21,33;0,89;0,51;3463;0,9;66;38;105;0;0;1618;0;152;12;16;32;1,87;0,267;0,94;78,49
DE.N.TH.10.Gen.ReEx.001.001;;;2014-09-08;;Typology;DE;DE.N.TH.10.Gen.ReEx.001;1;;;DE.N.TH.10.Gen;TH;DE.10;2002;2009;151,91;0,05;0,1;91,3;0;140,7;0;0;70,7;0;36,3;0;2;0,2;0,24;0,3;0,3;0,3;0,3;0,3;1,3;1,3;2;0,18;0,2;0,1;0,1;0,1;0,1;0,1;0;6,6;19,9;6,6;3,2;0;0;0;0;0;0,3;0;1;0;1;0;0;0,5;0;;;;;;;;;;;0;0;0;0;0;0;0;0;0;0;;;;;;;;;;;DE.N;Germany;222;4,4;403;271;392;271;160;EU.SUH;20;0,9;0,8;0,4;2,5;3;0,6;0,8;0,6;0,3;0,9;45;5;4,17;3,33;3,33;3,33;3,63;3,33;0,77;0,77;0,5;0,2;0,24;0,3;0,3;0,3;0,28;0,3;1,3;1,3;2;18,26;0;42,21;0;0;9,73;0;47,19;0;4;17,05;0,91;0,43;3463;0,9;68;32;100;0;406;1769;406;116;18;16;34;1,92;0,337;0,91;69,12
;;;;;;;;;;;;;;;;;;;;;;;;;;;;;;;;;;;;;;;;;;;;;;;;;;;;;;;;;;;;;;;;;;;;;;;;;;;;;;;;;;;;;;;;;;;;;;;;;;;;;;;;;;;;;;;;;;;;;;;;;;;;;;;;;;;;;;;;;;;;;;;;;;;;;;;;;;;;;;;;;;;;;;